{
  "generatedAt": "2026-01-25T09:44:16.527Z",
  "models": {
    "gpt-4o-mini": {
      "successCount": 10,
      "errorCount": 0,
      "avgTime": 16318.2,
      "avgCost": 0.016339589999999998,
      "totalCost": 0.16339589999999998,
      "avgTokens": 107610.6
    },
    "gpt-4o": {
      "successCount": 10,
      "errorCount": 0,
      "avgTime": 18043.7,
      "avgCost": 0.0247665,
      "totalCost": 0.247665,
      "avgTokens": 4020.1
    }
  }
}