{
  "timestamp": "2025-12-28T13:45:36.409Z",
  "casesWithBoth": 3,
  "dateMatchRate": 0.08441371362719678,
  "icdMatchRate": 0,
  "hospitalMatchRate": 0.08627450980392158,
  "missingCasesCount": 3
}