{
  "timestamp": "2026-01-25T04:54:14.364Z",
  "casesWithBoth": 33,
  "dateMatchRate": 0.46084765402947225,
  "icdMatchRate": 0.2398989898989899,
  "hospitalMatchRate": 0.18627946127946124,
  "missingCasesCount": 33
}