{
  "caseIndex": 32,
  "sections": {
    "headerCount": 180,
    "footerCount": 180,
    "headerRatio": 0.09058882737795672,
    "footerRatio": 0.09058882737795672,
    "header": [
      0,
      0,
      0,
      0,
      0,
      0,
      0,
      0,
      0,
      0,
      0,
      0,
      0,
      0,
      0,
      0,
      0,
      0,
      0,
      0,
      0,
      0,
      0,
      0,
      0,
      0,
      0,
      0,
      0,
      0,
      0,
      0,
      0,
      0,
      0,
      0,
      0,
      0,
      0,
      0,
      0,
      0,
      0,
      0,
      0,
      0,
      0,
      0,
      0,
      0,
      0,
      0,
      0,
      0,
      0,
      0,
      0,
      0,
      0,
      0,
      0,
      0,
      0,
      0,
      0,
      0,
      0,
      0,
      0,
      0,
      0,
      0,
      0,
      0,
      0,
      0,
      0,
      0,
      0,
      0,
      0,
      0,
      0,
      0,
      0,
      0,
      0,
      0,
      0,
      0,
      0,
      0,
      0,
      0,
      0,
      0,
      0,
      0,
      0,
      0,
      0,
      0,
      0,
      0,
      0,
      0,
      0,
      0,
      0,
      1,
      2,
      3,
      4,
      5,
      0,
      1,
      2,
      3,
      4,
      5,
      0,
      1,
      2,
      3,
      4,
      5,
      0,
      1,
      2,
      3,
      4,
      5,
      0,
      1,
      2,
      3,
      4,
      5,
      0,
      1,
      2,
      3,
      4,
      5,
      0,
      1,
      2,
      3,
      4,
      5,
      0,
      1,
      2,
      3,
      4,
      5,
      0,
      1,
      2,
      3,
      4,
      5,
      0,
      1,
      2,
      3,
      4,
      5,
      0,
      1,
      2,
      3,
      4,
      5,
      0,
      1,
      2,
      3,
      4,
      5
    ],
    "footer": [
      6,
      6,
      6,
      6,
      6,
      6,
      6,
      6,
      6,
      6,
      6,
      6,
      6,
      6,
      6,
      6,
      6,
      6,
      6,
      6,
      6,
      6,
      6,
      6,
      6,
      6,
      6,
      6,
      6,
      6,
      6,
      6,
      6,
      6,
      6,
      6,
      6,
      6,
      6,
      6,
      6,
      6,
      6,
      6,
      6,
      6,
      6,
      6,
      6,
      6,
      6,
      6,
      6,
      6,
      6,
      6,
      6,
      6,
      6,
      6,
      6,
      6,
      6,
      6,
      6,
      6,
      6,
      6,
      6,
      6,
      6,
      6,
      6,
      6,
      6,
      6,
      6,
      6,
      6,
      6,
      6,
      6,
      6,
      6,
      6,
      6,
      6,
      6,
      6,
      6,
      6,
      6,
      6,
      6,
      6,
      6,
      6,
      6,
      6,
      6,
      6,
      6,
      6,
      6,
      6,
      6,
      6,
      1,
      97,
      98,
      99,
      100,
      101,
      102,
      97,
      98,
      99,
      100,
      101,
      102,
      97,
      98,
      99,
      100,
      101,
      102,
      97,
      98,
      99,
      100,
      101,
      102,
      97,
      98,
      99,
      100,
      101,
      102,
      97,
      98,
      99,
      100,
      101,
      102,
      97,
      98,
      99,
      100,
      101,
      102,
      97,
      98,
      99,
      100,
      101,
      102,
      97,
      98,
      99,
      100,
      101,
      102,
      97,
      98,
      99,
      100,
      101,
      102,
      97,
      98,
      99,
      100,
      101,
      102,
      97,
      98,
      99,
      100,
      101,
      102
    ],
    "total": 1987
  }
}