{
  "caseIndex": 16,
  "sections": {
    "headerCount": 40,
    "footerCount": 40,
    "headerRatio": 0.0517464424320828,
    "footerRatio": 0.0517464424320828,
    "header": [
      0,
      1,
      2,
      3,
      4,
      5,
      6,
      7,
      8,
      9,
      0,
      1,
      2,
      3,
      4,
      5,
      6,
      7,
      8,
      9,
      0,
      1,
      2,
      3,
      4,
      5,
      6,
      7,
      8,
      9,
      0,
      1,
      2,
      3,
      4,
      5,
      6,
      7,
      8,
      9
    ],
    "footer": [
      184,
      185,
      186,
      187,
      188,
      189,
      190,
      191,
      192,
      193,
      184,
      185,
      186,
      187,
      188,
      189,
      190,
      191,
      192,
      193,
      184,
      185,
      186,
      187,
      188,
      189,
      190,
      191,
      192,
      193,
      181,
      182,
      183,
      184,
      185,
      186,
      187,
      188,
      189,
      190
    ],
    "total": 773
  }
}